{"cameraMode":{"drawMode":0,"name":"Shaded","section":"Shading Mode"},"sceneLighting":true,"audioPlay":false,"sceneViewState":{"showFog":true,"showMaterialUpdate":false,"showSkybox":false,"showFlares":true,"showImageEffects":true,"showParticleSystems":true},"in2DMode":false,"pivot":{"x":-0.15000009536743165,"y":3.0900001525878908,"z":50.97999954223633},"rotation":{"x":0.033311616629362109,"y":-0.9391682147979736,"z":0.3283240795135498,"w":0.09528013318777085},"size":12.12435531616211,"orthographic":false}