{"cameraMode":{"drawMode":0,"name":"Shaded","section":"Shading Mode"},"sceneLighting":true,"audioPlay":false,"sceneViewState":{"showFog":true,"showMaterialUpdate":false,"showSkybox":false,"showFlares":true,"showImageEffects":true,"showParticleSystems":true},"in2DMode":false,"pivot":{"x":-4.469278812408447,"y":1.012447714805603,"z":3.1060805320739748},"rotation":{"x":0.053126830607652667,"y":-0.5420716404914856,"z":0.03435817360877991,"w":0.8379573225975037},"size":5.463500499725342,"orthographic":false}