{"cameraMode":{"drawMode":0,"name":"Shaded","section":"Shading Mode"},"sceneLighting":false,"audioPlay":false,"sceneViewState":{"showFog":true,"showMaterialUpdate":false,"showSkybox":false,"showFlares":true,"showImageEffects":true,"showParticleSystems":true},"in2DMode":false,"pivot":{"x":0.029999971389770509,"y":2.569999933242798,"z":0.3500000238418579},"rotation":{"x":-0.04783061891794205,"y":-0.9403767585754395,"z":0.30207809805870058,"w":-0.14908313751220704},"size":2.697721242904663,"orthographic":false}