{"cameraMode":{"drawMode":0,"name":"Shaded","section":"Shading Mode"},"sceneLighting":false,"audioPlay":false,"sceneViewState":{"showFog":true,"showMaterialUpdate":false,"showSkybox":false,"showFlares":true,"showImageEffects":true,"showParticleSystems":true},"in2DMode":false,"pivot":{"x":8.887029647827149,"y":30.731609344482423,"z":0.16220788657665254},"rotation":{"x":-0.38526880741119387,"y":-0.3745347857475281,"z":0.1749235987663269,"w":-0.8252400159835815},"size":0.9937618374824524,"orthographic":false}