{"cameraMode":{"drawMode":0,"name":"Shaded","section":"Shading Mode"},"sceneLighting":true,"audioPlay":false,"sceneViewState":{"showFog":true,"showMaterialUpdate":false,"showSkybox":false,"showFlares":true,"showImageEffects":true,"showParticleSystems":true},"in2DMode":false,"pivot":{"x":-6.090527057647705,"y":2.3293046951293947,"z":14.733301162719727},"rotation":{"x":0.030072908848524095,"y":-0.9688795804977417,"z":0.1962001770734787,"w":0.14819355309009553},"size":10.0,"orthographic":false}