{"cameraMode":{"drawMode":0,"name":"Shaded","section":"Shading Mode"},"sceneLighting":false,"audioPlay":false,"sceneViewState":{"showFog":true,"showMaterialUpdate":false,"showSkybox":false,"showFlares":true,"showImageEffects":true,"showParticleSystems":true},"in2DMode":false,"pivot":{"x":3.9257473945617677,"y":2.2588367462158205,"z":1.4206414222717286},"rotation":{"x":-0.14100052416324616,"y":-0.30554068088531496,"z":0.04585001617670059,"w":-0.9406077861785889},"size":4.4835205078125,"orthographic":false}