{"cameraMode":{"drawMode":0,"name":"Shaded","section":"Shading Mode"},"sceneLighting":true,"audioPlay":false,"sceneViewState":{"showFog":true,"showMaterialUpdate":false,"showSkybox":false,"showFlares":true,"showImageEffects":true,"showParticleSystems":true},"in2DMode":false,"pivot":{"x":-0.40983039140701296,"y":-4.338411808013916,"z":67.18421936035156},"rotation":{"x":-0.1983979344367981,"y":0.03030545823276043,"z":-0.0060858456417918209,"w":-0.9796785116195679},"size":12.173859596252442,"orthographic":false}