{"cameraMode":{"drawMode":0,"name":"Shaded","section":"Shading Mode"},"sceneLighting":false,"audioPlay":false,"sceneViewState":{"showFog":true,"showMaterialUpdate":false,"showSkybox":false,"showFlares":true,"showImageEffects":true,"showParticleSystems":true},"in2DMode":false,"pivot":{"x":10.17099380493164,"y":3.0182175636291506,"z":7.980922222137451},"rotation":{"x":-0.18228451907634736,"y":-0.003838096046820283,"z":0.0007112707826308906,"w":-0.9832432866096497},"size":7.636818885803223,"orthographic":false}