{"cameraMode":{"drawMode":0,"name":"Shaded","section":"Shading Mode"},"sceneLighting":false,"audioPlay":false,"sceneViewState":{"showFog":true,"showMaterialUpdate":false,"showSkybox":false,"showFlares":true,"showImageEffects":true,"showParticleSystems":true},"in2DMode":false,"pivot":{"x":-0.046176761388778689,"y":3.529911994934082,"z":51.42494583129883},"rotation":{"x":0.00306927808560431,"y":-0.9909476637840271,"z":0.1333877593278885,"w":0.021468020975589753},"size":3.660879135131836,"orthographic":false}